Loci,Replicate,Final_fitness,Generation
10,1,4.4910089123309715,100
10,1,4.4910089123309715,500
10,1,4.4910089123309715,1000
10,1,4.4910089123309715,5000
10,1,4.4910089123309715,10000
10,1,4.4910089123309715,50000
25,1,5.851092331996879,100
25,1,5.851092331996879,500
25,1,5.851092331996879,1000
25,1,10.714559162651355,5000
25,1,10.714559162651355,10000
25,1,10.714559162651355,50000
50,1,8.712894630442856,100
50,1,24.430179716047817,500
50,1,24.430179716047817,1000
50,1,24.430179716047817,5000
50,1,24.430179716047817,10000
50,1,24.430179716047817,50000
75,1,12.054926072841132,100
75,1,14.763886830184964,500
75,1,14.763886830184964,1000
75,1,14.763886830184964,5000
75,1,14.763886830184964,10000
75,1,20.59081038292409,50000
100,1,19.295500836413016,100
100,1,19.295500836413016,500
100,1,19.295500836413016,1000
100,1,19.295500836413016,5000
100,1,19.295500836413016,10000
100,1,19.295500836413016,50000
10,2,6.409331023217254,100
10,2,7.9766453045796375,500
10,2,7.9766453045796375,1000
10,2,17.530676711651445,5000
10,2,17.530676711651445,10000
10,2,17.530676711651445,50000
25,2,16.13010507705061,100
25,2,16.13010507705061,500
25,2,16.13010507705061,1000
25,2,16.13010507705061,5000
25,2,16.13010507705061,10000
25,2,16.13010507705061,50000
50,2,31.57026210231574,100
50,2,31.57026210231574,500
50,2,31.57026210231574,1000
50,2,31.57026210231574,5000
50,2,31.57026210231574,10000
50,2,31.57026210231574,50000
75,2,19.488993307807004,500
75,2,19.488993307807004,1000
75,2,19.488993307807004,5000
75,2,19.488993307807004,10000
75,2,19.488993307807004,50000
100,2,8.484398056461261,100
100,2,11.605367358662594,500
100,2,11.605367358662594,1000
100,2,14.390070804067053,5000
100,2,24.738882182326567,10000
100,2,24.738882182326567,50000
10,3,17.530676711651445,100
10,3,17.530676711651445,500
10,3,17.530676711651445,1000
10,3,17.530676711651445,5000
10,3,17.530676711651445,10000
10,3,17.530676711651445,50000
25,3,3.102923279913694,100
25,3,13.777081395719275,500
25,3,13.777081395719275,1000
25,3,13.777081395719275,5000
25,3,13.777081395719275,10000
25,3,13.777081395719275,50000
50,3,14.487924601442307,100
50,3,14.487924601442307,500
50,3,14.487924601442307,1000
50,3,14.487924601442307,5000
50,3,14.487924601442307,10000
50,3,23.0184547456082,50000
75,3,18.12919375013128,100
75,3,18.12919375013128,500
75,3,18.12919375013128,1000
75,3,18.12919375013128,5000
75,3,18.12919375013128,10000
75,3,28.54440263178028,50000
100,3,41.574177428659006,100
100,3,41.574177428659006,500
100,3,41.574177428659006,1000
100,3,41.574177428659006,5000
100,3,41.574177428659006,10000
100,3,41.574177428659006,50000
10,4,5.791945552382476,100
10,4,5.791945552382476,500
10,4,5.791945552382476,1000
10,4,5.791945552382476,5000
10,4,11.838698627578536,10000
10,4,11.838698627578536,50000
25,4,3.2603063114051953,100
25,4,3.2603063114051953,500
25,4,3.2603063114051953,1000
25,4,14.638210141010275,5000
25,4,14.638210141010275,10000
25,4,14.638210141010275,50000
50,4,30.657449946590646,100
50,4,30.657449946590646,500
50,4,30.657449946590646,1000
50,4,30.657449946590646,5000
50,4,30.657449946590646,10000
50,4,47.82269863518536,50000
75,4,14.224634782384731,100
75,4,14.224634782384731,500
75,4,14.224634782384731,1000
75,4,14.224634782384731,5000
75,4,23.273641767035862,10000
75,4,29.10246079064607,50000
100,4,9.622346035729072,100
100,4,20.71410903273122,500
100,4,20.71410903273122,1000
100,4,20.71410903273122,5000
100,4,20.71410903273122,10000
100,4,101.66922491171255,50000
25,5,5.162135192729718,100
25,5,5.162135192729718,500
25,5,5.162135192729718,1000
25,5,15.791349185045513,5000
25,5,15.791349185045513,10000
25,5,15.791349185045513,50000
50,5,9.012140230795001,100
50,5,9.012140230795001,500
50,5,9.012140230795001,1000
50,5,30.73056820102367,5000
50,5,30.73056820102367,10000
50,5,30.73056820102367,50000
75,5,14.392932852873313,100
75,5,14.392932852873313,500
75,5,14.392932852873313,1000
75,5,18.224324842051946,5000
75,5,18.224324842051946,10000
75,5,23.41337979853949,50000
100,5,20.038426119660524,100
100,5,20.038426119660524,500
100,5,20.038426119660524,1000
100,5,20.038426119660524,5000
100,5,20.038426119660524,10000
100,5,22.402602578085247,50000
10,6,11.838698627578536,50000
25,6,10.89147236247267,100
25,6,10.89147236247267,500
25,6,10.89147236247267,1000
25,6,10.89147236247267,5000
25,6,10.89147236247267,10000
25,6,10.89147236247267,50000
50,6,7.751605833010759,100
50,6,7.751605833010759,500
50,6,7.751605833010759,1000
50,6,9.980087402112243,5000
50,6,9.980087402112243,10000
50,6,16.574407985154274,50000
75,6,11.799527144253496,100
75,6,11.799527144253496,500
75,6,11.799527144253496,1000
75,6,11.799527144253496,5000
75,6,11.799527144253496,10000
75,6,11.799527144253496,50000
100,6,11.707660778239775,100
100,6,11.707660778239775,500
100,6,11.707660778239775,1000
100,6,21.282651602553177,5000
100,6,34.51000316796529,10000
100,6,41.34922327248813,50000
10,7,6.629366763516308,100
10,7,6.629366763516308,500
10,7,6.629366763516308,1000
10,7,6.629366763516308,5000
10,7,6.629366763516308,10000
10,7,11.838698627578536,50000
25,7,20.201066102550502,100
25,7,20.201066102550502,500
25,7,20.201066102550502,1000
25,7,20.201066102550502,5000
25,7,20.201066102550502,10000
25,7,20.201066102550502,50000
50,7,13.459544700422379,100
50,7,13.459544700422379,500
50,7,13.459544700422379,1000
50,7,13.459544700422379,5000
50,7,13.459544700422379,10000
50,7,13.459544700422379,50000
75,7,7.964855747396222,100
75,7,7.964855747396222,500
75,7,7.964855747396222,1000
75,7,8.571066811315102,5000
75,7,40.21718472461039,10000
75,7,40.21718472461039,50000
100,7,15.612194341988028,100
100,7,15.612194341988028,500
100,7,15.612194341988028,1000
100,7,15.612194341988028,5000
100,7,22.96827055632156,10000
100,7,52.6071693165503,50000
10,8,6.613528651813018,10000
10,8,7.106535123133248,50000
25,8,21.7166160970195,100
25,8,21.7166160970195,500
25,8,21.7166160970195,1000
25,8,21.7166160970195,5000
25,8,21.7166160970195,10000
25,8,21.7166160970195,50000
50,8,11.99850528939012,100
50,8,11.99850528939012,500
50,8,11.99850528939012,1000
50,8,19.73084843224893,5000
50,8,19.73084843224893,10000
50,8,19.73084843224893,50000
75,8,10.843236677367205,100
75,8,10.843236677367205,500
75,8,10.843236677367205,1000
75,8,10.843236677367205,5000
75,8,27.020060849278657,10000
75,8,27.020060849278657,50000
100,8,22.139075472571097,100
100,8,22.139075472571097,500
100,8,22.139075472571097,1000
100,8,30.913229612663194,5000
100,8,30.913229612663194,10000
100,8,45.233802303391464,50000
10,9,11.838698627578536,10000
10,9,11.838698627578536,50000
25,9,11.242057870166407,100
25,9,11.242057870166407,500
25,9,11.242057870166407,1000
25,9,11.242057870166407,5000
25,9,13.14317600350571,10000
25,9,13.277134640927377,50000
50,9,13.985147464420631,100
50,9,13.985147464420631,500
50,9,13.985147464420631,1000
50,9,24.67867735581877,5000
50,9,24.67867735581877,10000
50,9,24.67867735581877,50000
75,9,9.799508037803266,100
75,9,9.799508037803266,500
75,9,9.799508037803266,1000
75,9,13.008684085422297,5000
75,9,13.008684085422297,10000
75,9,21.126920500978525,50000
100,9,21.52861147758068,100
100,9,23.17097447208309,500
100,9,23.17097447208309,1000
100,9,23.17097447208309,5000
100,9,23.17097447208309,10000
100,9,23.17097447208309,50000
10,10,11.838698627578536,50000
25,10,7.191539500189016,100
25,10,7.191539500189016,500
25,10,7.191539500189016,1000
25,10,7.191539500189016,5000
25,10,7.191539500189016,10000
25,10,7.191539500189016,50000
50,10,8.498402513647024,100
50,10,13.967765293411045,500
50,10,13.967765293411045,1000
50,10,13.967765293411045,5000
50,10,13.967765293411045,10000
50,10,21.39107467136916,50000
75,10,18.85128071405218,100
75,10,18.85128071405218,500
75,10,18.85128071405218,1000
75,10,18.85128071405218,5000
75,10,18.85128071405218,10000
75,10,26.5199465298227,50000
100,10,10.349582951021175,100
100,10,10.349582951021175,500
100,10,10.349582951021175,1000
100,10,23.04889080878717,5000
100,10,23.04889080878717,10000
100,10,23.04889080878717,50000
10,11,8.452884547969596,100
10,11,8.452884547969596,500
10,11,8.452884547969596,1000
10,11,8.452884547969596,5000
10,11,8.452884547969596,10000
10,11,15.640756188515702,50000
25,11,4.917733074568452,100
25,11,21.541783468979258,500
25,11,21.541783468979258,1000
25,11,21.541783468979258,5000
25,11,21.541783468979258,10000
25,11,21.541783468979258,50000
50,11,52.11038445284167,100
50,11,52.11038445284167,500
50,11,52.11038445284167,1000
50,11,52.11038445284167,5000
50,11,52.11038445284167,10000
50,11,52.11038445284167,50000
75,11,13.63435002155795,100
75,11,29.254145408115455,500
75,11,29.254145408115455,1000
75,11,29.254145408115455,5000
75,11,29.254145408115455,10000
75,11,29.254145408115455,50000
100,11,13.555400048148908,100
100,11,13.555400048148908,500
100,11,13.555400048148908,1000
100,11,25.56681182837741,5000
100,11,25.56681182837741,10000
100,11,25.56681182837741,50000
10,12,6.613528651813018,100
10,12,6.613528651813018,500
10,12,6.613528651813018,1000
10,12,6.613528651813018,5000
10,12,6.613528651813018,10000
10,12,11.761654684905578,50000
25,12,8.39177779143513,100
25,12,8.39177779143513,500
25,12,8.39177779143513,1000
25,12,21.92142766057238,5000
25,12,21.92142766057238,10000
25,12,21.92142766057238,50000
50,12,26.88246264771065,100
50,12,26.88246264771065,500
50,12,26.88246264771065,1000
50,12,26.88246264771065,5000
50,12,26.88246264771065,10000
50,12,26.88246264771065,50000
75,12,16.712397507209026,100
75,12,16.712397507209026,500
75,12,16.712397507209026,1000
75,12,16.712397507209026,5000
75,12,16.712397507209026,10000
75,12,16.712397507209026,50000
100,12,6.375313570713222,100
100,12,12.814851478053885,500
100,12,12.814851478053885,1000
100,12,16.022450781337753,5000
100,12,27.106611970926366,10000
100,12,27.106611970926366,50000
10,13,17.530676711651445,50000
25,13,19.009066945521813,100
25,13,19.009066945521813,500
25,13,19.009066945521813,1000
25,13,19.009066945521813,5000
25,13,19.009066945521813,10000
25,13,19.009066945521813,50000
50,13,12.86404554588153,100
50,13,12.86404554588153,500
50,13,12.86404554588153,1000
50,13,20.148829840993557,5000
50,13,20.148829840993557,10000
50,13,20.148829840993557,50000
75,13,13.946984793336501,100
75,13,13.946984793336501,500
75,13,13.946984793336501,1000
75,13,13.946984793336501,5000
75,13,24.076008569556688,10000
75,13,33.52434117560858,50000
100,13,10.28351464192811,100
100,13,10.92408777850262,500
100,13,10.92408777850262,1000
100,13,20.083098110528297,5000
100,13,20.083098110528297,10000
100,13,20.083098110528297,50000
10,14,4.493394203199322,100
10,14,4.493394203199322,500
10,14,5.791945552382476,1000
10,14,5.791945552382476,5000
10,14,5.791945552382476,10000
10,14,13.424213485309988,50000
25,14,30.07616012485344,100
25,14,30.07616012485344,500
25,14,30.07616012485344,1000
25,14,30.07616012485344,5000
25,14,30.07616012485344,10000
25,14,30.07616012485344,50000
50,14,5.727326930800255,100
50,14,15.618892949510883,500
50,14,15.618892949510883,1000
50,14,15.618892949510883,5000
50,14,15.618892949510883,10000
50,14,15.618892949510883,50000
75,14,10.236658879233998,100
75,14,10.236658879233998,500
75,14,10.236658879233998,1000
75,14,10.236658879233998,5000
75,14,36.40353239306451,10000
75,14,36.40353239306451,50000
100,14,24.200278554799528,100
100,14,24.200278554799528,500
100,14,24.200278554799528,1000
100,14,24.200278554799528,5000
100,14,24.200278554799528,10000
100,14,24.200278554799528,50000
10,15,6.629366763516308,100
10,15,6.629366763516308,500
10,15,6.629366763516308,1000
10,15,6.629366763516308,5000
10,15,6.629366763516308,10000
10,15,11.838698627578536,50000
25,15,10.111285814578396,100
25,15,10.111285814578396,500
25,15,10.111285814578396,1000
25,15,10.111285814578396,5000
25,15,12.155809038814015,10000
25,15,23.669540337021395,50000
50,15,10.496334688365465,100
50,15,10.496334688365465,500
50,15,10.496334688365465,1000
50,15,29.640905751210685,5000
50,15,29.640905751210685,10000
50,15,29.640905751210685,50000
75,15,16.680777286221797,100
75,15,16.680777286221797,500
75,15,16.680777286221797,1000
75,15,16.680777286221797,5000
75,15,16.680777286221797,10000
75,15,16.680777286221797,50000
100,15,17.866194578900203,100
100,15,17.866194578900203,500
100,15,17.866194578900203,1000
100,15,17.866194578900203,5000
100,15,17.866194578900203,10000
100,15,17.866194578900203,50000
10,16,6.629366763516308,100
10,16,6.629366763516308,500
10,16,6.629366763516308,1000
10,16,6.629366763516308,5000
10,16,6.629366763516308,10000
10,16,11.838698627578536,50000
25,16,7.659873087390368,100
25,16,7.659873087390368,500
25,16,7.659873087390368,1000
25,16,7.659873087390368,5000
25,16,7.659873087390368,10000
25,16,7.659873087390368,50000
50,16,10.756505772494474,100
50,16,10.756505772494474,500
50,16,10.756505772494474,1000
50,16,10.756505772494474,5000
50,16,17.904703876392976,10000
50,16,17.904703876392976,50000
75,16,13.571296980681566,100
75,16,13.571296980681566,500
75,16,13.571296980681566,1000
75,16,25.7979011650794,5000
75,16,25.7979011650794,10000
75,16,25.7979011650794,50000
100,16,10.5380290759383,100
100,16,10.5380290759383,500
100,16,10.5380290759383,1000
100,16,10.5380290759383,5000
100,16,10.5380290759383,10000
100,16,15.725237650960521,50000
10,17,11.838698627578536,100
10,17,11.838698627578536,500
10,17,11.838698627578536,1000
10,17,11.838698627578536,5000
10,17,11.838698627578536,10000
10,17,11.838698627578536,50000
25,17,14.085833872065178,100
25,17,14.085833872065178,500
25,17,14.085833872065178,1000
25,17,14.085833872065178,5000
25,17,14.085833872065178,10000
25,17,14.085833872065178,50000
50,17,6.256762798616245,100
50,17,22.81282930532392,500
50,17,22.81282930532392,1000
50,17,22.81282930532392,5000
50,17,22.81282930532392,10000
50,17,22.81282930532392,50000
75,17,14.52218252578738,100
75,17,14.52218252578738,500
75,17,14.52218252578738,1000
75,17,14.52218252578738,5000
75,17,14.52218252578738,10000
75,17,36.0376017289978,50000
100,17,17.54565979785127,100
100,17,17.54565979785127,500
100,17,17.54565979785127,1000
100,17,58.494895165916816,5000
100,17,58.494895165916816,10000
100,17,58.494895165916816,50000
10,18,17.530676711651445,100
10,18,17.530676711651445,500
10,18,17.530676711651445,1000
10,18,17.530676711651445,5000
10,18,17.530676711651445,10000
10,18,17.530676711651445,50000
25,18,17.973824336878163,100
25,18,17.973824336878163,500
25,18,17.973824336878163,1000
25,18,17.973824336878163,5000
25,18,17.973824336878163,10000
25,18,17.973824336878163,50000
50,18,15.772607138210931,100
50,18,15.772607138210931,500
50,18,15.772607138210931,1000
50,18,15.772607138210931,5000
50,18,15.772607138210931,10000
50,18,22.76308445977606,50000
75,18,14.16665173814661,100
75,18,14.16665173814661,500
75,18,14.16665173814661,1000
75,18,14.16665173814661,5000
75,18,16.324556241856207,10000
75,18,40.96426491089526,50000
100,18,27.782800730928074,100
100,18,27.782800730928074,500
100,18,27.782800730928074,1000
100,18,27.782800730928074,5000
100,18,27.782800730928074,10000
100,18,30.85659428594165,50000
10,19,11.838698627578536,100
10,19,11.838698627578536,500
10,19,11.838698627578536,1000
10,19,11.838698627578536,5000
10,19,11.838698627578536,10000
10,19,11.838698627578536,50000
25,19,8.328727547612363,100
25,19,8.328727547612363,500
25,19,8.328727547612363,1000
25,19,8.328727547612363,5000
25,19,8.328727547612363,10000
25,19,28.920083810872384,50000
50,19,26.45052885666759,100
50,19,26.45052885666759,500
50,19,26.45052885666759,1000
50,19,63.78495806844029,5000
50,19,63.78495806844029,10000
50,19,63.78495806844029,50000
75,19,16.113310076534816,100
75,19,16.113310076534816,500
75,19,16.113310076534816,1000
75,19,49.23991990358364,5000
75,19,49.23991990358364,10000
75,19,49.23991990358364,50000
100,19,14.086881008811499,100
100,19,14.086881008811499,500
100,19,14.086881008811499,1000
100,19,14.086881008811499,5000
100,19,17.111381942904735,10000
100,19,27.582127086757026,50000
10,20,17.530676711651445,50000
25,20,7.8958844897674325,100
25,20,7.8958844897674325,500
25,20,7.8958844897674325,1000
25,20,7.8958844897674325,5000
25,20,7.8958844897674325,10000
25,20,12.430003583105478,50000
50,20,10.13365001128322,100
50,20,10.13365001128322,500
50,20,10.13365001128322,1000
50,20,10.13365001128322,5000
50,20,10.13365001128322,10000
50,20,69.68520662878906,50000
75,20,24.289347533048996,100
75,20,24.289347533048996,500
75,20,24.289347533048996,1000
75,20,24.289347533048996,5000
75,20,24.289347533048996,10000
75,20,24.289347533048996,50000
100,20,9.198594016707283,500
100,20,9.198594016707283,1000
100,20,10.349868830455703,5000
100,20,27.565087145045524,10000
100,20,27.565087145045524,50000
10,21,11.838698627578536,100
10,21,11.838698627578536,500
10,21,11.838698627578536,1000
10,21,11.838698627578536,5000
10,21,11.838698627578536,10000
10,21,11.838698627578536,50000
25,21,18.311067484858615,100
25,21,18.311067484858615,500
25,21,18.311067484858615,1000
25,21,18.311067484858615,5000
25,21,18.311067484858615,10000
25,21,18.311067484858615,50000
50,21,5.072878696303526,100
50,21,5.072878696303526,500
50,21,5.072878696303526,1000
50,21,23.223703476114295,5000
50,21,23.223703476114295,10000
50,21,31.502485566172407,50000
75,21,6.814262503562724,100
75,21,13.558126904101027,500
75,21,13.558126904101027,1000
75,21,13.558126904101027,5000
75,21,66.74995156900776,10000
75,21,66.74995156900776,50000
100,21,35.922521288312915,100
100,21,35.922521288312915,500
100,21,35.922521288312915,1000
100,21,35.922521288312915,5000
100,21,35.922521288312915,10000
100,21,35.922521288312915,50000
10,22,4.4910089123309715,100
10,22,4.4910089123309715,500
10,22,4.4910089123309715,1000
10,22,4.4910089123309715,5000
10,22,4.4910089123309715,10000
10,22,4.4910089123309715,50000
25,22,12.03442391990123,100
25,22,12.03442391990123,500
25,22,12.03442391990123,1000
25,22,12.03442391990123,5000
25,22,12.03442391990123,10000
25,22,12.03442391990123,50000
50,22,17.344964838044316,100
50,22,17.344964838044316,500
50,22,17.344964838044316,1000
50,22,22.819032486731146,5000
50,22,22.819032486731146,10000
50,22,22.819032486731146,50000
75,22,11.833105370506217,100
75,22,13.416877905116268,500
75,22,13.416877905116268,1000
75,22,20.658995578323843,5000
75,22,20.658995578323843,10000
75,22,20.658995578323843,50000
100,22,10.945460601710169,100
100,22,10.945460601710169,500
100,22,13.645752207383138,1000
100,22,13.645752207383138,5000
100,22,13.645752207383138,10000
100,22,15.277752374729161,50000
10,23,6.629366763516308,100
10,23,6.629366763516308,500
10,23,6.629366763516308,1000
10,23,6.629366763516308,5000
10,23,6.629366763516308,10000
10,23,11.838698627578536,50000
25,23,7.0828674982618685,100
25,23,7.0828674982618685,500
25,23,7.0828674982618685,1000
25,23,7.0828674982618685,5000
25,23,7.0828674982618685,10000
25,23,11.192946529221992,50000
50,23,8.625008871916284,100
50,23,10.574697834236126,500
50,23,10.574697834236126,1000
50,23,10.574697834236126,5000
50,23,10.574697834236126,10000
50,23,12.421124842682916,50000
75,23,8.195508034803431,100
75,23,9.7146314098532,500
75,23,9.7146314098532,1000
75,23,17.245298471609136,5000
75,23,17.245298471609136,10000
75,23,17.245298471609136,50000
100,23,16.14069344553973,100
100,23,16.14069344553973,500
100,23,16.14069344553973,1000
100,23,30.874459344206862,5000
100,23,65.33988289729609,10000
100,23,65.33988289729609,50000
10,24,11.838698627578536,10000
10,24,11.838698627578536,50000
25,24,5.728241146448796,100
25,24,5.728241146448796,500
25,24,5.728241146448796,1000
25,24,5.728241146448796,5000
25,24,6.273639450678374,10000
25,24,28.095488728990656,50000
50,24,8.551188779524887,100
50,24,8.551188779524887,500
50,24,8.551188779524887,1000
50,24,8.551188779524887,5000
50,24,11.58295804881775,10000
50,24,20.084267908884307,50000
75,24,38.4266169856798,100
75,24,38.4266169856798,500
75,24,38.4266169856798,1000
75,24,38.4266169856798,5000
75,24,38.4266169856798,10000
75,24,38.4266169856798,50000
100,24,23.143115551145698,100
100,24,23.143115551145698,500
100,24,23.143115551145698,1000
100,24,23.143115551145698,5000
100,24,23.143115551145698,10000
100,24,23.143115551145698,50000
10,25,11.761654684905578,50000
25,25,5.6417900030215185,100
25,25,7.207367675220117,500
25,25,10.18746784002708,1000
25,25,10.18746784002708,5000
25,25,10.18746784002708,10000
25,25,15.000823956093955,50000
50,25,9.588748036302814,100
50,25,9.588748036302814,500
50,25,9.588748036302814,1000
50,25,9.588748036302814,5000
50,25,25.387716091886876,10000
50,25,25.387716091886876,50000
75,25,13.228451445688917,100
75,25,13.228451445688917,500
75,25,13.228451445688917,1000
75,25,15.996193241585077,5000
75,25,18.13374616247255,10000
75,25,18.13374616247255,50000
100,25,12.328782676468725,100
100,25,17.84412230352266,500
100,25,22.439887994020488,1000
100,25,22.439887994020488,5000
100,25,22.439887994020488,10000
100,25,34.877420348030014,50000
10,26,4.673465194428982,100
10,26,4.673465194428982,500
10,26,4.673465194428982,1000
10,26,4.673465194428982,5000
10,26,4.673465194428982,10000
10,26,4.673465194428982,50000
25,26,15.653254613974871,100
25,26,15.653254613974871,500
25,26,15.653254613974871,1000
25,26,15.653254613974871,5000
25,26,15.653254613974871,10000
25,26,15.653254613974871,50000
50,26,12.55803918057264,100
50,26,12.55803918057264,500
50,26,12.55803918057264,1000
50,26,12.55803918057264,5000
50,26,12.55803918057264,10000
50,26,15.595510212451005,50000
75,26,16.127741015478314,100
75,26,16.127741015478314,500
75,26,16.127741015478314,1000
75,26,16.127741015478314,5000
75,26,21.764908773904153,10000
75,26,32.174590130299016,50000
100,26,29.0164376849634,100
100,26,29.0164376849634,500
100,26,29.0164376849634,1000
100,26,29.0164376849634,5000
100,26,29.0164376849634,10000
100,26,29.0164376849634,50000
10,27,8.452884547969596,100
10,27,8.452884547969596,500
10,27,8.452884547969596,1000
10,27,15.640756188515702,5000
10,27,15.640756188515702,10000
10,27,15.640756188515702,50000
25,27,7.759827644785481,100
25,27,7.759827644785481,500
25,27,7.759827644785481,1000
25,27,8.697120232423744,5000
25,27,8.697120232423744,10000
25,27,8.697120232423744,50000
50,27,10.392236233477119,100
50,27,15.515395170873163,500
50,27,15.515395170873163,1000
50,27,15.515395170873163,5000
50,27,22.466619879954113,10000
50,27,22.466619879954113,50000
75,27,6.388315718905099,100
75,27,12.841633276828842,500
75,27,12.841633276828842,1000
75,27,12.841633276828842,5000
75,27,23.582054110224842,10000
75,27,31.160734738266978,50000
100,27,9.03035383369543,100
100,27,9.03035383369543,500
100,27,9.03035383369543,1000
100,27,9.03035383369543,5000
100,27,36.65836817324169,10000
100,27,36.65836817324169,50000
10,28,11.05322204400831,100
10,28,11.05322204400831,500
10,28,11.05322204400831,1000
10,28,11.05322204400831,5000
10,28,11.05322204400831,10000
10,28,11.05322204400831,50000
25,28,5.952131044718538,100
25,28,5.952131044718538,500
25,28,5.952131044718538,1000
25,28,5.952131044718538,5000
25,28,15.788748837168534,10000
25,28,15.788748837168534,50000
50,28,41.176595838963955,100
50,28,41.176595838963955,500
50,28,41.176595838963955,1000
50,28,41.176595838963955,5000
50,28,41.176595838963955,10000
50,28,41.176595838963955,50000
75,28,9.96398879075126,100
75,28,9.96398879075126,500
75,28,9.96398879075126,1000
75,28,17.73752745135751,5000
75,28,17.73752745135751,10000
75,28,25.094184588971004,50000
100,28,8.005086549454125,100
100,28,11.016113927979653,500
100,28,11.016113927979653,1000
100,28,18.738144017742336,5000
100,28,18.738144017742336,10000
100,28,20.840874888269543,50000
10,29,7.9766453045796375,100
10,29,7.9766453045796375,500
10,29,7.9766453045796375,1000
10,29,7.9766453045796375,5000
10,29,7.9766453045796375,10000
10,29,17.530676711651445,50000
50,29,5.72036346849483,100
50,29,5.72036346849483,500
50,29,5.72036346849483,1000
50,29,20.491581570838292,5000
50,29,20.491581570838292,10000
50,29,25.67004723508733,50000
75,29,18.768724404825527,100
75,29,18.768724404825527,500
75,29,18.768724404825527,1000
75,29,18.768724404825527,5000
75,29,18.768724404825527,10000
75,29,18.768724404825527,50000
100,29,8.597022455479514,100
100,29,8.597022455479514,500
100,29,20.773612072642102,1000
100,29,35.744560976696846,5000
100,29,35.744560976696846,10000
100,29,35.744560976696846,50000
25,30,8.309582980582725,100
25,30,9.444064846167581,500
25,30,9.65343177059756,1000
25,30,9.65343177059756,5000
25,30,9.65343177059756,10000
25,30,9.65343177059756,50000
50,30,9.277595905456812,100
50,30,9.277595905456812,500
50,30,9.277595905456812,1000
50,30,14.318470032754073,5000
50,30,14.318470032754073,10000
50,30,16.558697859675487,50000
75,30,7.84413912566113,100
75,30,8.524332396317407,500
75,30,8.524332396317407,1000
75,30,12.492713206205158,5000
75,30,29.186409379753947,10000
75,30,29.186409379753947,50000
100,30,11.466722926323563,100
100,30,11.490035714224591,500
100,30,11.490035714224591,1000
100,30,13.64953842492773,5000
100,30,35.60769305050111,10000
100,30,35.60769305050111,50000
25,31,16.429942787081004,100
25,31,16.429942787081004,500
25,31,16.429942787081004,1000
25,31,16.429942787081004,5000
25,31,16.429942787081004,10000
25,31,16.429942787081004,50000
50,31,18.70244831703501,100
50,31,18.70244831703501,500
50,31,18.70244831703501,1000
50,31,18.70244831703501,5000
50,31,18.70244831703501,10000
50,31,18.70244831703501,50000
75,31,18.421389816163792,100
75,31,18.421389816163792,500
75,31,18.421389816163792,1000
75,31,18.421389816163792,5000
75,31,18.421389816163792,10000
75,31,18.421389816163792,50000
100,31,18.326215709232788,100
100,31,18.326215709232788,500
100,31,18.326215709232788,1000
100,31,21.387653593787217,5000
100,31,21.387653593787217,10000
100,31,21.387653593787217,50000
10,32,11.761654684905578,50000
25,32,7.052420122376351,100
25,32,7.052420122376351,500
25,32,7.052420122376351,1000
25,32,7.052420122376351,5000
25,32,7.052420122376351,10000
25,32,11.6219275058698,50000
50,32,13.709388022875403,100
50,32,13.709388022875403,500
50,32,13.709388022875403,1000
50,32,13.709388022875403,5000
50,32,15.735944457610662,10000
50,32,15.735944457610662,50000
75,32,9.809847295814532,100
75,32,9.809847295814532,500
75,32,9.809847295814532,1000
75,32,12.263706939500631,5000
75,32,12.263706939500631,10000
75,32,19.64659330124102,50000
100,32,33.08381998751879,100
100,32,33.08381998751879,500
100,32,33.08381998751879,1000
100,32,33.08381998751879,5000
100,32,33.08381998751879,10000
100,32,33.08381998751879,50000
10,33,6.613528651813018,100
10,33,6.613528651813018,500
10,33,6.613528651813018,1000
10,33,6.613528651813018,5000
10,33,6.613528651813018,10000
10,33,17.530676711651445,50000
25,33,16.195226006511543,100
25,33,16.195226006511543,500
25,33,16.195226006511543,1000
25,33,16.195226006511543,5000
25,33,16.195226006511543,10000
25,33,16.195226006511543,50000
50,33,15.540956919857557,100
50,33,15.540956919857557,500
50,33,15.540956919857557,1000
50,33,15.540956919857557,5000
50,33,15.540956919857557,10000
50,33,33.94286658710291,50000
75,33,7.942878865543202,100
75,33,12.909673374542194,500
75,33,12.909673374542194,1000
75,33,12.909673374542194,5000
75,33,12.909673374542194,10000
75,33,16.10486032020882,50000
100,33,9.985198725110946,100
100,33,9.985198725110946,500
100,33,9.985198725110946,1000
100,33,18.95999995392686,5000
100,33,18.95999995392686,10000
100,33,24.597259549447774,50000
10,34,7.9766453045796375,5000
10,34,7.9766453045796375,10000
10,34,7.9766453045796375,50000
25,34,5.970337722864724,100
25,34,16.13010507705061,500
25,34,16.13010507705061,1000
25,34,16.13010507705061,5000
25,34,16.13010507705061,10000
25,34,16.13010507705061,50000
50,34,11.21097759217387,100
50,34,11.21097759217387,500
50,34,11.21097759217387,1000
50,34,11.21097759217387,5000
50,34,14.572238099516518,10000
50,34,19.322663891694738,50000
75,34,13.571633315630868,100
75,34,13.571633315630868,500
75,34,13.675699011606824,1000
75,34,13.675699011606824,5000
75,34,13.675699011606824,10000
75,34,13.675699011606824,50000
100,34,19.76805343481231,100
100,34,19.76805343481231,500
100,34,19.76805343481231,1000
100,34,19.76805343481231,5000
100,34,19.76805343481231,10000
100,34,31.185507731029315,50000
10,35,11.838698627578536,100
10,35,11.838698627578536,500
10,35,11.838698627578536,1000
10,35,11.838698627578536,5000
10,35,11.838698627578536,10000
10,35,11.838698627578536,50000
25,35,10.965136619622625,100
25,35,10.965136619622625,500
25,35,10.965136619622625,1000
25,35,10.965136619622625,5000
25,35,10.965136619622625,10000
25,35,10.965136619622625,50000
50,35,7.662117773752176,100
50,35,8.93158633717216,500
50,35,8.93158633717216,1000
50,35,8.93158633717216,5000
50,35,8.93158633717216,10000
50,35,15.196278207013151,50000
75,35,15.964717846948542,100
75,35,15.964717846948542,500
75,35,15.964717846948542,1000
75,35,15.964717846948542,5000
75,35,15.964717846948542,10000
75,35,15.964717846948542,50000
100,35,23.292395342261205,100
100,35,23.292395342261205,500
100,35,23.292395342261205,1000
100,35,23.292395342261205,5000
100,35,23.292395342261205,10000
100,35,32.80111080022728,50000
10,36,9.79473381957996,100
10,36,9.79473381957996,500
10,36,9.79473381957996,1000
10,36,9.79473381957996,5000
10,36,9.79473381957996,10000
10,36,9.79473381957996,50000
25,36,6.289258336215848,100
25,36,6.289258336215848,500
25,36,6.289258336215848,1000
25,36,36.02749927136782,5000
25,36,36.02749927136782,10000
25,36,36.02749927136782,50000
50,36,7.399694885862078,100
50,36,7.399694885862078,500
50,36,7.399694885862078,1000
50,36,7.399694885862078,5000
50,36,7.399694885862078,10000
50,36,21.91904287403745,50000
75,36,14.544391880542632,100
75,36,14.544391880542632,500
75,36,14.544391880542632,1000
75,36,60.29681463393905,5000
75,36,60.29681463393905,10000
75,36,60.29681463393905,50000
100,36,11.976422693721531,100
100,36,27.371950209592104,500
100,36,27.371950209592104,1000
100,36,27.371950209592104,5000
100,36,34.2444505635066,10000
100,36,34.2444505635066,50000
10,37,6.629366763516308,100
10,37,6.629366763516308,500
10,37,6.629366763516308,1000
10,37,6.629366763516308,5000
10,37,6.629366763516308,10000
10,37,11.838698627578536,50000
25,37,15.61545929121246,100
25,37,15.61545929121246,500
25,37,15.61545929121246,1000
25,37,15.61545929121246,5000
25,37,15.61545929121246,10000
25,37,21.709223124009483,50000
50,37,11.38213528023892,100
50,37,11.38213528023892,500
50,37,11.38213528023892,1000
50,37,11.38213528023892,5000
50,37,11.38213528023892,10000
50,37,48.15461958387629,50000
75,37,11.230779820874046,100
75,37,11.230779820874046,500
75,37,11.230779820874046,1000
75,37,24.330159204649433,5000
75,37,24.330159204649433,10000
75,37,24.330159204649433,50000
100,37,25.64800485808257,100
100,37,25.64800485808257,500
100,37,25.64800485808257,1000
100,37,25.64800485808257,5000
100,37,25.64800485808257,10000
100,37,25.64800485808257,50000
10,38,11.761654684905578,10000
10,38,11.761654684905578,50000
25,38,13.395773740653562,100
25,38,13.395773740653562,500
25,38,13.395773740653562,1000
25,38,13.395773740653562,5000
25,38,13.395773740653562,10000
25,38,13.395773740653562,50000
50,38,7.3698106102891705,100
50,38,7.3698106102891705,500
50,38,7.3698106102891705,1000
50,38,13.934773206123866,5000
50,38,13.934773206123866,10000
50,38,18.355745897083093,50000
75,38,13.497542756061419,100
75,38,13.497542756061419,500
75,38,13.497542756061419,1000
75,38,13.497542756061419,5000
75,38,51.02475622791592,10000
75,38,118.16922485985599,50000
100,38,29.529255151567114,100
100,38,29.529255151567114,500
100,38,29.529255151567114,1000
100,38,29.529255151567114,5000
100,38,29.529255151567114,10000
100,38,29.529255151567114,50000
10,39,6.613528651813018,50000
25,39,7.337729041039513,100
25,39,14.611514736848347,500
25,39,14.611514736848347,1000
25,39,14.611514736848347,5000
25,39,14.611514736848347,10000
25,39,14.611514736848347,50000
50,39,16.511486063024183,100
50,39,16.511486063024183,500
50,39,16.511486063024183,1000
50,39,16.511486063024183,5000
50,39,16.511486063024183,10000
50,39,38.026065890842425,50000
75,39,20.030472320081007,100
75,39,20.030472320081007,500
75,39,20.030472320081007,1000
75,39,20.030472320081007,5000
75,39,20.030472320081007,10000
75,39,20.030472320081007,50000
100,39,14.999121623360644,100
100,39,14.999121623360644,500
100,39,14.999121623360644,1000
100,39,14.999121623360644,5000
100,39,26.16338904217156,10000
100,39,26.16338904217156,50000
10,40,11.05322204400831,100
10,40,11.05322204400831,500
10,40,11.05322204400831,1000
10,40,11.05322204400831,5000
10,40,11.05322204400831,10000
10,40,11.05322204400831,50000
25,40,9.444064846167581,100
25,40,9.65343177059756,500
25,40,9.65343177059756,1000
25,40,9.65343177059756,5000
25,40,9.65343177059756,10000
25,40,9.65343177059756,50000
50,40,24.353277045324997,100
50,40,24.353277045324997,500
50,40,24.353277045324997,1000
50,40,24.353277045324997,5000
50,40,24.353277045324997,10000
50,40,24.353277045324997,50000
75,40,18.508100994530093,100
75,40,18.508100994530093,500
75,40,18.508100994530093,1000
75,40,21.530720736439335,5000
75,40,21.530720736439335,10000
75,40,21.530720736439335,50000
100,40,19.737172454636198,100
100,40,19.737172454636198,500
100,40,19.737172454636198,1000
100,40,19.737172454636198,5000
100,40,19.737172454636198,10000
100,40,19.737172454636198,50000
10,41,11.761654684905578,50000
25,41,8.305119294894286,100
25,41,8.305119294894286,500
25,41,8.305119294894286,1000
25,41,8.305119294894286,5000
25,41,8.305119294894286,10000
25,41,14.866266628757055,50000
50,41,7.684634307545291,100
50,41,9.512696604403786,500
50,41,9.512696604403786,1000
50,41,20.422151426768867,5000
50,41,20.422151426768867,10000
50,41,30.46603017943857,50000
75,41,15.012186327318114,100
75,41,15.012186327318114,500
75,41,15.012186327318114,1000
75,41,24.122755048406972,5000
75,41,24.122755048406972,10000
75,41,28.214953382685128,50000
100,41,12.288217532551302,100
100,41,12.288217532551302,500
100,41,12.288217532551302,1000
100,41,12.288217532551302,5000
100,41,17.809313598383937,10000
100,41,29.08246492519278,50000
10,42,9.79473381957996,100
10,42,9.79473381957996,500
10,42,9.79473381957996,1000
10,42,9.79473381957996,5000
10,42,9.79473381957996,10000
10,42,9.79473381957996,50000
25,42,13.108503877608676,500
25,42,13.108503877608676,1000
25,42,13.108503877608676,5000
25,42,13.108503877608676,10000
25,42,13.108503877608676,50000
50,42,24.52533705165531,100
50,42,24.52533705165531,500
50,42,24.52533705165531,1000
50,42,24.52533705165531,5000
50,42,24.52533705165531,10000
50,42,24.52533705165531,50000
75,42,11.578457808176783,100
75,42,12.32763468928486,500
75,42,33.23498579446929,1000
75,42,33.23498579446929,5000
75,42,33.23498579446929,10000
75,42,33.23498579446929,50000
100,42,12.308951400980256,100
100,42,33.98748737006053,500
100,42,33.98748737006053,1000
100,42,33.98748737006053,5000
100,42,33.98748737006053,10000
100,42,33.98748737006053,50000
10,43,5.791945552382476,100
10,43,5.791945552382476,500
10,43,5.791945552382476,1000
10,43,11.838698627578536,5000
10,43,11.838698627578536,10000
10,43,11.838698627578536,50000
25,43,7.521868863202789,100
25,43,7.521868863202789,500
25,43,7.521868863202789,1000
25,43,21.04471327410812,5000
25,43,21.04471327410812,10000
25,43,21.04471327410812,50000
50,43,12.644822066160986,100
50,43,12.644822066160986,500
50,43,12.644822066160986,1000
50,43,12.644822066160986,5000
50,43,12.644822066160986,10000
50,43,14.608383242255677,50000
75,43,11.642474505265774,100
75,43,11.642474505265774,500
75,43,11.642474505265774,1000
75,43,18.495840795905647,5000
75,43,18.495840795905647,10000
75,43,36.96332663565545,50000
100,43,26.704073664627142,10000
100,43,26.704073664627142,50000
10,44,11.838698627578536,10000
10,44,13.424213485309988,50000
25,44,7.082214518819763,100
25,44,7.082214518819763,500
25,44,7.082214518819763,1000
25,44,7.082214518819763,5000
25,44,7.082214518819763,10000
25,44,8.712338035084505,50000
50,44,10.615058675232637,100
50,44,10.615058675232637,500
50,44,10.615058675232637,1000
50,44,10.615058675232637,5000
50,44,10.615058675232637,10000
50,44,16.91532567299868,50000
75,44,18.550054204986147,100
75,44,18.550054204986147,500
75,44,18.550054204986147,1000
75,44,18.550054204986147,5000
75,44,18.550054204986147,10000
75,44,18.550054204986147,50000
100,44,12.295384216896167,100
100,44,12.295384216896167,500
100,44,12.295384216896167,1000
100,44,12.295384216896167,5000
100,44,16.573906817928812,10000
100,44,24.577321670960842,50000
25,45,6.371936450762946,100
25,45,6.371936450762946,500
25,45,6.371936450762946,1000
25,45,12.338617836336486,5000
25,45,12.338617836336486,10000
25,45,12.338617836336486,50000
50,45,8.122841453369087,100
50,45,8.122841453369087,500
50,45,8.122841453369087,1000
50,45,22.778921227876086,5000
50,45,22.778921227876086,10000
50,45,22.778921227876086,50000
75,45,20.8027118331073,100
75,45,20.8027118331073,500
75,45,20.8027118331073,1000
75,45,20.8027118331073,5000
75,45,20.8027118331073,10000
75,45,35.003331506503564,50000
100,45,14.570415899871765,100
100,45,14.570415899871765,500
100,45,14.570415899871765,1000
100,45,20.232117649722916,5000
100,45,20.232117649722916,10000
100,45,20.232117649722916,50000
10,46,8.088002948278588,50000
25,46,9.155910567346067,100
25,46,9.700293894226228,500
25,46,9.700293894226228,1000
25,46,9.700293894226228,5000
25,46,9.700293894226228,10000
25,46,16.99510576829021,50000
50,46,11.033016035932649,100
50,46,11.033016035932649,500
50,46,17.072522065527522,1000
50,46,17.072522065527522,5000
50,46,17.072522065527522,10000
50,46,17.072522065527522,50000
75,46,17.75332165522498,100
75,46,17.75332165522498,500
75,46,17.75332165522498,1000
75,46,17.75332165522498,5000
75,46,17.75332165522498,10000
75,46,25.874364947381117,50000
100,46,14.659749956683958,100
100,46,14.659749956683958,500
100,46,14.659749956683958,1000
100,46,14.659749956683958,5000
100,46,20.415855201397918,10000
100,46,22.024228895503626,50000
10,47,4.493394203199322,100
10,47,4.493394203199322,500
10,47,4.493394203199322,1000
10,47,11.838698627578536,5000
10,47,11.838698627578536,10000
10,47,11.838698627578536,50000
25,47,7.196661267389855,100
25,47,7.196661267389855,500
25,47,7.196661267389855,1000
25,47,7.196661267389855,5000
25,47,7.196661267389855,10000
25,47,16.37576453855853,50000
50,47,10.893099663002078,100
50,47,10.893099663002078,500
50,47,10.893099663002078,1000
50,47,10.893099663002078,5000
50,47,10.893099663002078,10000
50,47,24.94930170709981,50000
75,47,17.62355424379206,100
75,47,17.62355424379206,500
75,47,35.235233318364415,1000
75,47,35.235233318364415,5000
75,47,35.235233318364415,10000
75,47,35.235233318364415,50000
100,47,11.875916869692041,100
100,47,11.875916869692041,500
100,47,11.875916869692041,1000
100,47,18.717557016428607,5000
100,47,18.717557016428607,10000
100,47,66.2730724970426,50000
10,48,11.838698627578536,100
10,48,11.838698627578536,500
10,48,11.838698627578536,1000
10,48,11.838698627578536,5000
10,48,11.838698627578536,10000
10,48,11.838698627578536,50000
25,48,6.45276396212926,100
25,48,6.45276396212926,500
25,48,6.500864620699298,1000
25,48,6.500864620699298,5000
25,48,6.500864620699298,10000
25,48,18.764986720206853,50000
50,48,13.65175591931678,100
50,48,13.65175591931678,500
50,48,13.65175591931678,1000
50,48,13.65175591931678,5000
50,48,17.56031174953024,10000
50,48,38.760269906919085,50000
75,48,14.872445970849864,100
75,48,14.872445970849864,500
75,48,14.872445970849864,1000
75,48,17.105675441417905,5000
75,48,17.105675441417905,10000
75,48,17.105675441417905,50000
100,48,27.88497074952499,100
100,48,27.88497074952499,500
100,48,27.88497074952499,1000
100,48,27.88497074952499,5000
100,48,27.88497074952499,10000
100,48,27.88497074952499,50000
10,49,6.613528651813018,100
10,49,6.613528651813018,500
10,49,6.613528651813018,1000
10,49,6.613528651813018,5000
10,49,6.613528651813018,10000
10,49,13.424213485309988,50000
25,49,8.23571430683662,100
25,49,8.23571430683662,500
25,49,8.23571430683662,1000
25,49,8.23571430683662,5000
25,49,8.23571430683662,10000
25,49,71.10818610479208,50000
50,49,5.6182303684807655,100
50,49,5.6182303684807655,500
50,49,29.20713131749969,1000
50,49,29.20713131749969,5000
50,49,29.20713131749969,10000
50,49,29.20713131749969,50000
75,49,9.388389982083622,100
75,49,9.388389982083622,500
75,49,9.388389982083622,1000
75,49,11.416202957117715,5000
75,49,11.416202957117715,10000
75,49,13.614575231272509,50000
100,49,9.895743339811995,100
100,49,9.895743339811995,500
100,49,9.895743339811995,1000
100,49,16.67252075935122,5000
100,49,16.67252075935122,10000
100,49,26.499641778489952,50000
10,50,17.530676711651445,100
10,50,17.530676711651445,500
10,50,17.530676711651445,1000
10,50,17.530676711651445,5000
10,50,17.530676711651445,10000
10,50,17.530676711651445,50000
25,50,12.21164627847008,100
25,50,12.21164627847008,500
25,50,12.21164627847008,1000
25,50,12.21164627847008,5000
25,50,12.21164627847008,10000
25,50,12.21164627847008,50000
50,50,41.69849151210023,100
50,50,41.69849151210023,500
50,50,41.69849151210023,1000
50,50,41.69849151210023,5000
50,50,41.69849151210023,10000
50,50,41.69849151210023,50000
75,50,27.089351017961334,100
75,50,27.089351017961334,500
75,50,27.089351017961334,1000
75,50,27.089351017961334,5000
75,50,27.089351017961334,10000
75,50,44.07785593913445,50000
100,50,21.360721054387565,100
100,50,21.360721054387565,500
100,50,21.360721054387565,1000
100,50,21.360721054387565,5000
100,50,21.360721054387565,10000
100,50,27.52460676235136,50000
10,51,3.423504125701066,100
10,51,6.629366763516308,500
10,51,6.629366763516308,1000
10,51,11.838698627578536,5000
10,51,11.838698627578536,10000
10,51,11.838698627578536,50000
25,51,13.728236788375144,100
25,51,13.728236788375144,500
25,51,13.728236788375144,1000
25,51,13.728236788375144,5000
25,51,13.728236788375144,10000
25,51,13.728236788375144,50000
50,51,15.865183498526925,100
50,51,15.865183498526925,500
50,51,15.865183498526925,1000
50,51,15.865183498526925,5000
50,51,15.865183498526925,10000
50,51,17.444609497809296,50000
75,51,12.511151704684792,100
75,51,12.511151704684792,500
75,51,12.511151704684792,1000
75,51,56.39564604752318,5000
75,51,56.39564604752318,10000
75,51,56.39564604752318,50000
100,51,20.249534873502405,100
100,51,20.249534873502405,500
100,51,20.249534873502405,1000
100,51,20.249534873502405,5000
100,51,20.249534873502405,10000
100,51,20.249534873502405,50000
10,52,6.613528651813018,10000
10,52,13.424213485309988,50000
25,52,35.08157634938707,100
25,52,35.08157634938707,500
25,52,35.08157634938707,1000
25,52,35.08157634938707,5000
25,52,35.08157634938707,10000
25,52,35.08157634938707,50000
50,52,19.09536982479181,100
50,52,19.09536982479181,500
50,52,19.09536982479181,1000
50,52,19.09536982479181,5000
50,52,19.09536982479181,10000
50,52,19.09536982479181,50000
75,52,13.550356475545497,100
75,52,13.550356475545497,500
75,52,13.550356475545497,1000
75,52,13.550356475545497,5000
75,52,33.31183566669615,10000
75,52,33.31183566669615,50000
100,52,8.320446183770843,100
100,52,8.320446183770843,500
100,52,8.320446183770843,1000
100,52,22.527663564817722,5000
100,52,22.527663564817722,10000
100,52,32.49264905677541,50000
10,53,7.9766453045796375,100
10,53,7.9766453045796375,500
10,53,7.9766453045796375,1000
10,53,17.530676711651445,5000
10,53,17.530676711651445,10000
10,53,17.530676711651445,50000
25,53,12.214716598133524,100
25,53,12.214716598133524,500
25,53,12.214716598133524,1000
25,53,12.214716598133524,5000
25,53,12.214716598133524,10000
25,53,12.214716598133524,50000
50,53,10.022627007866054,100
50,53,10.022627007866054,500
50,53,10.022627007866054,1000
50,53,15.671302240160042,5000
50,53,15.671302240160042,10000
50,53,15.671302240160042,50000
75,53,15.480620491557248,100
75,53,15.480620491557248,500
75,53,15.480620491557248,1000
75,53,24.49351308824087,5000
75,53,24.49351308824087,10000
75,53,24.49351308824087,50000
100,53,21.70552955783748,100
100,53,21.70552955783748,500
100,53,21.70552955783748,1000
100,53,21.70552955783748,5000
100,53,21.70552955783748,10000
100,53,26.23174828644809,50000
10,54,9.79473381957996,100
10,54,9.79473381957996,500
10,54,9.79473381957996,1000
10,54,9.79473381957996,5000
10,54,9.79473381957996,10000
10,54,9.79473381957996,50000
25,54,11.997309219435474,100
25,54,11.997309219435474,500
25,54,11.997309219435474,1000
25,54,11.997309219435474,5000
25,54,11.997309219435474,10000
25,54,17.739092513225007,50000
50,54,9.794563906772243,100
50,54,9.794563906772243,500
50,54,9.794563906772243,1000
50,54,9.794563906772243,5000
50,54,9.794563906772243,10000
50,54,17.00945635394333,50000
75,54,7.4551574987183695,100
75,54,7.4551574987183695,500
75,54,7.4551574987183695,1000
75,54,31.281913351894815,5000
75,54,31.281913351894815,10000
75,54,31.281913351894815,50000
100,54,24.808109637119905,100
100,54,24.808109637119905,500
100,54,24.808109637119905,1000
100,54,24.808109637119905,5000
100,54,24.808109637119905,10000
100,54,24.808109637119905,50000
10,55,11.761654684905578,50000
25,55,6.132871900547807,100
25,55,6.132871900547807,500
25,55,6.132871900547807,1000
25,55,19.88779942838249,5000
25,55,19.88779942838249,10000
25,55,19.88779942838249,50000
50,55,15.545586491812701,100
50,55,26.22603657625091,500
50,55,26.22603657625091,1000
50,55,26.22603657625091,5000
50,55,26.22603657625091,10000
50,55,26.22603657625091,50000
75,55,12.966546217627227,100
75,55,14.75734885329176,500
75,55,14.75734885329176,1000
75,55,14.75734885329176,5000
75,55,14.75734885329176,10000
75,55,54.58279023281764,50000
100,55,12.112509993485382,100
100,55,12.112509993485382,500
100,55,12.112509993485382,1000
100,55,20.78616024168564,5000
100,55,20.78616024168564,10000
100,55,26.105625038878532,50000
10,56,8.452884547969596,100
10,56,8.452884547969596,500
10,56,15.640756188515702,1000
10,56,15.640756188515702,5000
10,56,15.640756188515702,10000
10,56,15.640756188515702,50000
25,56,14.679325699776728,100
25,56,14.679325699776728,500
25,56,14.679325699776728,1000
25,56,14.679325699776728,5000
25,56,14.679325699776728,10000
25,56,14.679325699776728,50000
50,56,14.02537707148455,100
50,56,14.02537707148455,500
50,56,14.02537707148455,1000
50,56,14.02537707148455,5000
50,56,14.02537707148455,10000
50,56,52.69589546073796,50000
75,56,11.213922049154231,100
75,56,11.213922049154231,500
75,56,11.213922049154231,1000
75,56,11.213922049154231,5000
75,56,19.294120286270477,10000
75,56,19.294120286270477,50000
100,56,16.00713510872333,100
100,56,16.00713510872333,500
100,56,16.00713510872333,1000
100,56,16.00713510872333,5000
100,56,36.75405868925046,10000
100,56,36.75405868925046,50000
10,57,6.0517253125084265,10000
10,57,14.803889217282748,50000
25,57,6.378260711631929,100
25,57,6.378260711631929,500
25,57,6.378260711631929,1000
25,57,15.97130684263925,5000
25,57,15.97130684263925,10000
25,57,15.97130684263925,50000
50,57,10.925054933880947,100
50,57,10.925054933880947,500
50,57,10.925054933880947,1000
50,57,10.925054933880947,5000
50,57,10.925054933880947,10000
50,57,15.96091283363406,50000
75,57,18.360008616785997,100
75,57,18.360008616785997,500
75,57,18.360008616785997,1000
75,57,18.360008616785997,5000
75,57,18.360008616785997,10000
75,57,20.25290799168092,50000
100,57,14.354282911585475,100
100,57,14.354282911585475,500
100,57,14.354282911585475,1000
100,57,14.354282911585475,5000
100,57,14.354282911585475,10000
100,57,20.494899138943172,50000
10,58,11.838698627578536,100
10,58,11.838698627578536,500
10,58,11.838698627578536,1000
10,58,11.838698627578536,5000
10,58,11.838698627578536,10000
10,58,11.838698627578536,50000
25,58,4.599068012703537,100
25,58,4.599068012703537,500
25,58,4.599068012703537,1000
25,58,4.599068012703537,5000
25,58,7.827727902280386,10000
25,58,16.162606123860105,50000
50,58,15.208185432135222,100
50,58,15.208185432135222,500
50,58,15.208185432135222,1000
50,58,15.208185432135222,5000
50,58,15.208185432135222,10000
50,58,15.208185432135222,50000
75,58,32.93940375899245,100
75,58,32.93940375899245,500
75,58,32.93940375899245,1000
75,58,32.93940375899245,5000
75,58,32.93940375899245,10000
75,58,32.93940375899245,50000
100,58,12.765328780315503,100
100,58,12.765328780315503,500
100,58,12.765328780315503,1000
100,58,15.85111372080667,5000
100,58,24.048698700660477,10000
100,58,40.37328887929555,50000
10,59,17.530676711651445,100
10,59,17.530676711651445,500
10,59,17.530676711651445,1000
10,59,17.530676711651445,5000
10,59,17.530676711651445,10000
10,59,17.530676711651445,50000
25,59,9.47417489806848,100
25,59,9.47417489806848,500
25,59,9.47417489806848,1000
25,59,9.47417489806848,5000
25,59,9.47417489806848,10000
25,59,12.85077792801472,50000
50,59,16.380965249873242,100
50,59,24.016483339747545,500
50,59,24.016483339747545,1000
50,59,24.016483339747545,5000
50,59,24.016483339747545,10000
50,59,24.016483339747545,50000
75,59,10.46143196190249,100
75,59,10.46143196190249,500
75,59,23.210205578503196,1000
75,59,23.210205578503196,5000
75,59,23.210205578503196,10000
75,59,23.210205578503196,50000
100,59,18.336106252273634,100
100,59,18.336106252273634,500
100,59,18.336106252273634,1000
100,59,44.0724744097708,5000
100,59,44.0724744097708,10000
100,59,44.0724744097708,50000
10,60,7.9766453045796375,100
10,60,7.9766453045796375,500
10,60,7.9766453045796375,1000
10,60,7.9766453045796375,5000
10,60,7.9766453045796375,10000
10,60,7.9766453045796375,50000
25,60,7.314966688227516,100
25,60,7.314966688227516,500
25,60,7.314966688227516,1000
25,60,14.611514736848347,5000
25,60,14.611514736848347,10000
25,60,14.611514736848347,50000
50,60,11.69971790522373,100
50,60,11.69971790522373,500
50,60,11.69971790522373,1000
50,60,11.69971790522373,5000
50,60,11.69971790522373,10000
50,60,12.50879097645212,50000
75,60,23.10459561207239,100
75,60,23.10459561207239,500
75,60,23.10459561207239,1000
75,60,23.10459561207239,5000
75,60,23.10459561207239,10000
75,60,23.10459561207239,50000
100,60,27.19772784971075,100
100,60,27.19772784971075,500
100,60,27.19772784971075,1000
100,60,27.19772784971075,5000
100,60,27.19772784971075,10000
100,60,27.19772784971075,50000
10,61,6.629366763516308,100
10,61,6.629366763516308,500
10,61,6.629366763516308,1000
10,61,6.629366763516308,5000
10,61,11.838698627578536,10000
10,61,11.838698627578536,50000
25,61,7.974187200321421,100
25,61,7.974187200321421,500
25,61,7.974187200321421,1000
25,61,9.910613214251454,5000
25,61,9.910613214251454,10000
25,61,14.58281441658407,50000
50,61,10.053408694923625,100
50,61,10.053408694923625,500
50,61,35.19407786761264,1000
50,61,35.19407786761264,5000
50,61,35.19407786761264,10000
50,61,35.19407786761264,50000
75,61,13.072786742952838,100
75,61,13.072786742952838,500
75,61,13.072786742952838,1000
75,61,13.072786742952838,5000
75,61,15.889154083056887,10000
75,61,23.364770735904024,50000
100,61,10.47572182522817,100
100,61,10.47572182522817,500
100,61,43.8850255043626,1000
100,61,43.8850255043626,5000
100,61,43.8850255043626,10000
100,61,43.8850255043626,50000
10,62,8.452884547969596,5000
10,62,15.640756188515702,10000
10,62,15.640756188515702,50000
25,62,7.713359498448288,100
25,62,7.713359498448288,500
25,62,7.713359498448288,1000
25,62,32.90649945056099,5000
25,62,32.90649945056099,10000
25,62,32.90649945056099,50000
50,62,8.106800168039975,100
50,62,8.106800168039975,500
50,62,8.106800168039975,1000
50,62,8.106800168039975,5000
50,62,14.68904767942448,10000
50,62,30.301563882696115,50000
75,62,13.491123803445443,100
75,62,13.491123803445443,500
75,62,13.491123803445443,1000
75,62,13.491123803445443,5000
75,62,14.516051429787328,10000
75,62,40.1934265023796,50000
100,62,13.66266938171396,100
100,62,13.66266938171396,500
100,62,13.66266938171396,1000
100,62,13.66266938171396,5000
100,62,13.66266938171396,10000
100,62,19.436301444799238,50000
10,63,11.05322204400831,100
10,63,11.05322204400831,500
10,63,11.05322204400831,1000
10,63,11.05322204400831,5000
10,63,11.05322204400831,10000
10,63,11.05322204400831,50000
25,63,9.84524861450117,100
25,63,9.84524861450117,500
25,63,9.84524861450117,1000
25,63,9.84524861450117,5000
25,63,9.84524861450117,10000
25,63,20.41893280742642,50000
50,63,14.715133728133377,100
50,63,14.715133728133377,500
50,63,14.715133728133377,1000
50,63,14.715133728133377,5000
50,63,14.715133728133377,10000
50,63,14.715133728133377,50000
75,63,17.416135865798385,100
75,63,17.416135865798385,500
75,63,17.416135865798385,1000
75,63,17.416135865798385,5000
75,63,17.416135865798385,10000
75,63,27.63328320595629,50000
100,63,14.945040561327023,100
100,63,18.397731840225468,500
100,63,18.397731840225468,1000
100,63,18.397731840225468,5000
100,63,18.397731840225468,10000
100,63,26.868783776186152,50000
10,64,5.714107779860817,100
10,64,5.714107779860817,500
10,64,5.714107779860817,1000
10,64,5.714107779860817,5000
10,64,5.714107779860817,10000
10,64,12.153342854899917,50000
25,64,10.0010024639896,100
25,64,10.0010024639896,500
25,64,10.0010024639896,1000
25,64,10.0010024639896,5000
25,64,10.0010024639896,10000
25,64,26.950912152194505,50000
50,64,10.020519468109194,100
50,64,11.02771048355363,500
50,64,11.02771048355363,1000
50,64,11.02771048355363,5000
50,64,11.02771048355363,10000
50,64,16.428759727160806,50000
75,64,16.781532002871607,100
75,64,16.781532002871607,500
75,64,16.781532002871607,1000
75,64,16.781532002871607,5000
75,64,16.781532002871607,10000
75,64,24.03010225099864,50000
100,64,10.413377490530623,100
100,64,10.413377490530623,500
100,64,10.413377490530623,1000
100,64,15.40102810640553,5000
100,64,15.40102810640553,10000
100,64,44.02827443187495,50000
10,65,6.1300787345354415,50000
25,65,8.108305180722356,100
25,65,8.108305180722356,500
25,65,8.108305180722356,1000
25,65,8.108305180722356,5000
25,65,8.108305180722356,10000
25,65,8.108305180722356,50000
50,65,24.110668793045836,100
50,65,24.110668793045836,500
50,65,24.110668793045836,1000
50,65,24.110668793045836,5000
50,65,24.110668793045836,10000
50,65,32.018864741667926,50000
75,65,17.863185953539336,100
75,65,17.863185953539336,500
75,65,17.863185953539336,1000
75,65,17.863185953539336,5000
75,65,17.863185953539336,10000
75,65,24.287561983754344,50000
100,65,10.587851892018351,100
100,65,10.587851892018351,500
100,65,10.587851892018351,1000
100,65,21.893370382007898,5000
100,65,21.893370382007898,10000
100,65,21.893370382007898,50000
10,66,6.629366763516308,100
10,66,6.629366763516308,500
10,66,6.629366763516308,1000
10,66,6.629366763516308,5000
10,66,6.629366763516308,10000
10,66,6.629366763516308,50000
25,66,9.579866821170162,100
25,66,9.579866821170162,500
25,66,9.579866821170162,1000
25,66,9.579866821170162,5000
25,66,9.579866821170162,10000
25,66,9.579866821170162,50000
50,66,11.111306289811978,100
50,66,11.111306289811978,500
50,66,11.111306289811978,1000
50,66,11.111306289811978,5000
50,66,11.111306289811978,10000
50,66,17.203122961130937,50000
75,66,17.587767139764548,100
75,66,17.587767139764548,500
75,66,17.587767139764548,1000
75,66,17.587767139764548,5000
75,66,63.20523791015037,10000
75,66,63.20523791015037,50000
100,66,17.585069623701056,100
100,66,17.585069623701056,500
100,66,17.585069623701056,1000
100,66,17.585069623701056,5000
100,66,29.37776005271609,10000
100,66,29.37776005271609,50000
25,67,12.784315542984356,100
25,67,12.784315542984356,500
25,67,12.784315542984356,1000
25,67,12.784315542984356,5000
25,67,12.784315542984356,10000
25,67,12.784315542984356,50000
50,67,6.629269276341932,100
50,67,6.629269276341932,500
50,67,6.629269276341932,1000
50,67,6.629269276341932,5000
50,67,6.629269276341932,10000
50,67,15.477258998090804,50000
75,67,11.782542037332368,100
75,67,11.782542037332368,500
75,67,11.782542037332368,1000
75,67,19.10772222617993,5000
75,67,19.10772222617993,10000
75,67,19.10772222617993,50000
100,67,22.125945681373082,100
100,67,29.60225833116576,500
100,67,29.60225833116576,1000
100,67,29.60225833116576,5000
100,67,29.60225833116576,10000
100,67,29.60225833116576,50000
10,68,4.4910089123309715,100
10,68,4.4910089123309715,500
10,68,4.4910089123309715,1000
10,68,4.4910089123309715,5000
10,68,4.4910089123309715,10000
10,68,7.344874246490606,50000
25,68,5.702233406088973,100
25,68,5.702233406088973,500
25,68,14.632959192036946,1000
25,68,14.632959192036946,5000
25,68,14.632959192036946,10000
25,68,14.632959192036946,50000
50,68,8.855218879278727,100
50,68,8.855218879278727,500
50,68,8.855218879278727,1000
50,68,8.855218879278727,5000
50,68,8.855218879278727,10000
50,68,25.84240871881609,50000
75,68,13.256548199007682,100
75,68,14.620240660411412,500
75,68,14.620240660411412,1000
75,68,14.620240660411412,5000
75,68,14.620240660411412,10000
75,68,35.8294673921688,50000
100,68,10.738805870290014,100
100,68,10.738805870290014,500
100,68,10.738805870290014,1000
100,68,18.509405050671035,5000
100,68,22.544712389391997,10000
100,68,22.544712389391997,50000
10,69,11.838698627578536,100
10,69,11.838698627578536,500
10,69,11.838698627578536,1000
10,69,11.838698627578536,5000
10,69,11.838698627578536,10000
10,69,11.838698627578536,50000
25,69,11.080186679639215,100
25,69,11.080186679639215,500
25,69,11.080186679639215,1000
25,69,11.080186679639215,5000
25,69,11.080186679639215,10000
25,69,11.080186679639215,50000
50,69,19.723243161160088,100
50,69,19.723243161160088,500
50,69,19.723243161160088,1000
50,69,19.723243161160088,5000
50,69,19.723243161160088,10000
50,69,19.723243161160088,50000
75,69,7.5738350106055865,100
75,69,7.5738350106055865,500
75,69,7.5738350106055865,1000
75,69,11.557426715571467,5000
75,69,11.557426715571467,10000
75,69,32.79267789793075,50000
100,69,10.322917349469856,100
100,69,11.060903390370658,500
100,69,11.060903390370658,1000
100,69,23.556264540296088,5000
100,69,23.556264540296088,10000
100,69,23.556264540296088,50000
10,70,8.452884547969596,10000
10,70,15.640756188515702,50000
25,70,13.025243170338602,100
25,70,13.025243170338602,500
25,70,13.025243170338602,1000
25,70,13.025243170338602,5000
25,70,13.025243170338602,10000
25,70,13.025243170338602,50000
50,70,16.03296048775151,100
50,70,16.03296048775151,500
50,70,16.03296048775151,1000
50,70,16.03296048775151,5000
50,70,16.03296048775151,10000
50,70,23.809407078184623,50000
75,70,11.814658988496667,100
75,70,25.86480013885663,500
75,70,25.86480013885663,1000
75,70,25.86480013885663,5000
75,70,25.86480013885663,10000
75,70,25.86480013885663,50000
100,70,18.097938499696784,100
100,70,18.097938499696784,500
100,70,18.097938499696784,1000
100,70,18.097938499696784,5000
100,70,18.097938499696784,10000
100,70,25.17350136516246,50000
10,71,6.629366763516308,100
10,71,6.629366763516308,500
10,71,6.629366763516308,1000
10,71,6.629366763516308,5000
10,71,6.629366763516308,10000
10,71,11.838698627578536,50000
25,71,10.103387184005225,100
25,71,10.103387184005225,500
25,71,10.103387184005225,1000
25,71,10.103387184005225,5000
25,71,10.103387184005225,10000
25,71,13.402474666013951,50000
50,71,14.463562997013444,100
50,71,14.463562997013444,500
50,71,14.463562997013444,1000
50,71,14.463562997013444,5000
50,71,14.463562997013444,10000
50,71,14.463562997013444,50000
75,71,9.39105685777117,100
75,71,12.485106189130542,500
75,71,12.485106189130542,1000
75,71,12.485106189130542,5000
75,71,24.52251491646344,10000
75,71,24.52251491646344,50000
100,71,11.14754667468993,100
100,71,11.14754667468993,500
100,71,11.14754667468993,1000
100,71,11.14754667468993,5000
100,71,25.480217949249944,10000
100,71,41.433855414603,50000
10,72,8.452884547969596,100
10,72,8.452884547969596,500
10,72,8.452884547969596,1000
10,72,8.452884547969596,5000
10,72,8.452884547969596,10000
10,72,15.640756188515702,50000
25,72,9.47417489806848,100
25,72,9.47417489806848,500
25,72,9.47417489806848,1000
25,72,9.47417489806848,5000
25,72,9.47417489806848,10000
25,72,20.784979008797794,50000
50,72,14.533512171146532,100
50,72,14.533512171146532,500
50,72,14.533512171146532,1000
50,72,14.533512171146532,5000
50,72,14.533512171146532,10000
50,72,16.892875500243953,50000
75,72,9.91451321808149,100
75,72,11.224727798974502,500
75,72,11.224727798974502,1000
75,72,18.17580855835195,5000
75,72,18.17580855835195,10000
75,72,18.17580855835195,50000
100,72,18.784765564377413,100
100,72,18.784765564377413,500
100,72,18.784765564377413,1000
100,72,18.784765564377413,5000
100,72,18.784765564377413,10000
100,72,18.784765564377413,50000
10,73,11.05322204400831,100
10,73,11.05322204400831,500
10,73,11.05322204400831,1000
10,73,11.05322204400831,5000
10,73,11.05322204400831,10000
10,73,11.05322204400831,50000
25,73,16.915160439444644,100
25,73,16.915160439444644,500
25,73,16.915160439444644,1000
25,73,16.915160439444644,5000
25,73,16.915160439444644,10000
25,73,19.31429021937438,50000
50,73,11.393646441995363,100
50,73,11.393646441995363,500
50,73,11.393646441995363,1000
50,73,11.393646441995363,5000
50,73,11.393646441995363,10000
50,73,29.10136316390979,50000
75,73,15.85611157801546,100
75,73,15.85611157801546,500
75,73,15.85611157801546,1000
75,73,15.85611157801546,5000
75,73,15.85611157801546,10000
75,73,39.48392267850182,50000
100,73,15.967942300572986,100
100,73,17.008147125668163,500
100,73,17.008147125668163,1000
100,73,17.008147125668163,5000
100,73,17.008147125668163,10000
100,73,73.39405507016674,50000
10,74,7.9766453045796375,1000
10,74,7.9766453045796375,5000
10,74,7.9766453045796375,10000
10,74,17.530676711651445,50000
25,74,11.167033330335503,100
25,74,18.827914155398638,500
25,74,18.827914155398638,1000
25,74,18.827914155398638,5000
25,74,18.827914155398638,10000
25,74,18.827914155398638,50000
50,74,9.873703510952188,100
50,74,11.323372670720861,500
50,74,11.323372670720861,1000
50,74,11.323372670720861,5000
50,74,11.323372670720861,10000
50,74,11.323372670720861,50000
75,74,27.44655674025112,100
75,74,27.44655674025112,500
75,74,27.44655674025112,1000
75,74,27.44655674025112,5000
75,74,27.44655674025112,10000
75,74,27.44655674025112,50000
100,74,12.706626896616047,100
100,74,12.706626896616047,500
100,74,20.5996228698643,1000
100,74,20.5996228698643,5000
100,74,20.5996228698643,10000
100,74,34.385387322329905,50000
10,75,4.493394203199322,100
10,75,4.493394203199322,500
10,75,4.493394203199322,1000
10,75,11.838698627578536,5000
10,75,11.838698627578536,10000
10,75,13.424213485309988,50000
25,75,5.515421140849654,100
25,75,5.515421140849654,500
25,75,5.515421140849654,1000
25,75,20.201066102550502,5000
25,75,20.201066102550502,10000
25,75,20.201066102550502,50000
50,75,10.750920872793442,100
50,75,10.750920872793442,500
50,75,10.750920872793442,1000
50,75,10.750920872793442,5000
50,75,10.750920872793442,10000
50,75,16.14707592627675,50000
75,75,9.716297894869047,100
75,75,9.716297894869047,500
75,75,9.716297894869047,1000
75,75,25.124507789209957,5000
75,75,25.124507789209957,10000
75,75,25.124507789209957,50000
100,75,29.143402039955255,100
100,75,29.143402039955255,500
100,75,29.143402039955255,1000
100,75,29.143402039955255,5000
100,75,29.143402039955255,10000
100,75,29.143402039955255,50000
10,76,6.629366763516308,100
10,76,6.629366763516308,500
10,76,11.838698627578536,1000
10,76,11.838698627578536,5000
10,76,11.838698627578536,10000
10,76,11.838698627578536,50000
25,76,5.792403836857774,100
25,76,5.792403836857774,500
25,76,5.792403836857774,1000
25,76,5.792403836857774,5000
25,76,5.792403836857774,10000
25,76,19.10179462763343,50000
50,76,10.522691549622692,100
50,76,10.522691549622692,500
50,76,10.522691549622692,1000
50,76,10.522691549622692,5000
50,76,10.522691549622692,10000
50,76,16.38634962183141,50000
75,76,14.33006187482844,100
75,76,14.33006187482844,500
75,76,14.33006187482844,1000
75,76,14.33006187482844,5000
75,76,14.33006187482844,10000
75,76,24.139487846021744,50000
100,76,42.90982126665981,100
100,76,42.90982126665981,500
100,76,42.90982126665981,1000
100,76,42.90982126665981,5000
100,76,42.90982126665981,10000
100,76,42.90982126665981,50000
10,77,11.761654684905578,50000
25,77,6.508595256849929,100
25,77,7.493752316631013,500
25,77,11.869712042077724,1000
25,77,11.869712042077724,5000
25,77,11.869712042077724,10000
25,77,11.869712042077724,50000
50,77,14.306327846805042,100
50,77,14.306327846805042,500
50,77,14.306327846805042,1000
50,77,14.306327846805042,5000
50,77,37.90741609555727,10000
50,77,37.90741609555727,50000
75,77,6.946969331084691,100
75,77,6.946969331084691,500
75,77,6.946969331084691,1000
75,77,11.963732579411746,5000
75,77,11.963732579411746,10000
75,77,11.963732579411746,50000
100,77,14.580617289912063,100
100,77,14.580617289912063,500
100,77,14.580617289912063,1000
100,77,16.742767444338757,5000
100,77,16.742767444338757,10000
100,77,25.709800286412683,50000
10,78,11.761654684905578,50000
25,78,20.347950331761552,100
25,78,20.347950331761552,500
25,78,20.347950331761552,1000
25,78,20.347950331761552,5000
25,78,20.347950331761552,10000
25,78,20.347950331761552,50000
50,78,17.131864554663167,100
50,78,17.131864554663167,500
50,78,17.131864554663167,1000
50,78,32.31785420910176,5000
50,78,32.31785420910176,10000
50,78,32.31785420910176,50000
75,78,15.12185790478499,100
75,78,16.360145780832458,500
75,78,16.360145780832458,1000
75,78,16.360145780832458,5000
75,78,16.360145780832458,10000
75,78,16.360145780832458,50000
100,78,19.82255409943335,100
100,78,19.82255409943335,500
100,78,19.82255409943335,1000
100,78,19.82255409943335,5000
100,78,19.82255409943335,10000
100,78,19.82255409943335,50000
10,79,6.0517253125084265,50000
25,79,14.284865747155735,100
25,79,14.284865747155735,500
25,79,14.284865747155735,1000
25,79,14.284865747155735,5000
25,79,14.284865747155735,10000
25,79,14.284865747155735,50000
50,79,5.916273576817768,100
50,79,5.916273576817768,500
50,79,5.916273576817768,1000
50,79,17.13568429869036,5000
50,79,17.13568429869036,10000
50,79,17.13568429869036,50000
75,79,21.409193934693096,100
75,79,21.409193934693096,500
75,79,21.409193934693096,1000
75,79,24.026614470222043,5000
75,79,24.026614470222043,10000
75,79,31.92283984440126,50000
100,79,14.128801129130931,100
100,79,14.128801129130931,500
100,79,14.128801129130931,1000
100,79,14.128801129130931,5000
100,79,14.128801129130931,10000
100,79,45.73048571036934,50000
10,80,11.838698627578536,5000
10,80,11.838698627578536,10000
10,80,13.424213485309988,50000
25,80,13.009548519822339,100
25,80,13.009548519822339,500
25,80,13.009548519822339,1000
25,80,13.009548519822339,5000
25,80,13.009548519822339,10000
25,80,13.009548519822339,50000
50,80,12.048829480974133,100
50,80,12.048829480974133,500
50,80,12.048829480974133,1000
50,80,12.048829480974133,5000
50,80,12.048829480974133,10000
50,80,18.025072351921132,50000
75,80,8.229193335845203,100
75,80,8.229193335845203,500
75,80,8.229193335845203,1000
75,80,8.229193335845203,5000
75,80,8.229193335845203,10000
75,80,39.23966064772461,50000
100,80,12.242282373692646,100
100,80,24.63058509655826,500
100,80,24.63058509655826,1000
100,80,24.63058509655826,5000
100,80,24.63058509655826,10000
100,80,30.24211127379341,50000
10,81,6.629366763516308,100
10,81,6.629366763516308,500
10,81,6.629366763516308,1000
10,81,6.629366763516308,5000
10,81,11.838698627578536,10000
10,81,11.838698627578536,50000
25,81,13.173711816161804,100
25,81,16.174470213728593,500
25,81,16.174470213728593,1000
25,81,16.174470213728593,5000
25,81,16.174470213728593,10000
25,81,16.174470213728593,50000
50,81,12.190192513254226,100
50,81,40.896856087381344,500
50,81,40.896856087381344,1000
50,81,40.896856087381344,5000
50,81,40.896856087381344,10000
50,81,40.896856087381344,50000
75,81,14.493295037119449,100
75,81,14.493295037119449,500
75,81,14.493295037119449,1000
75,81,21.113314363088822,5000
75,81,21.113314363088822,10000
75,81,38.466288041626555,50000
100,81,12.50131571122318,100
100,81,12.50131571122318,500
100,81,12.50131571122318,1000
100,81,15.255399282102186,5000
100,81,15.255399282102186,10000
100,81,34.80607899131711,50000
10,82,4.673465194428982,100
10,82,4.673465194428982,500
10,82,4.673465194428982,1000
10,82,5.714107779860817,5000
10,82,5.714107779860817,10000
10,82,5.714107779860817,50000
25,82,19.67226242007427,100
25,82,19.67226242007427,500
25,82,19.67226242007427,1000
25,82,19.67226242007427,5000
25,82,19.67226242007427,10000
25,82,19.67226242007427,50000
50,82,8.920023221849657,100
50,82,8.920023221849657,500
50,82,8.920023221849657,1000
50,82,33.09616258081206,5000
50,82,33.09616258081206,10000
50,82,33.09616258081206,50000
75,82,9.282294835979524,100
75,82,9.282294835979524,500
75,82,9.282294835979524,1000
75,82,28.919981463224346,5000
75,82,28.919981463224346,10000
75,82,28.919981463224346,50000
100,82,17.957345725062503,100
100,82,17.957345725062503,500
100,82,17.957345725062503,1000
100,82,17.957345725062503,5000
100,82,17.957345725062503,10000
100,82,27.690631588973073,50000
10,83,6.629366763516308,100
10,83,6.629366763516308,500
10,83,6.629366763516308,1000
10,83,6.629366763516308,5000
10,83,6.629366763516308,10000
10,83,11.838698627578536,50000
25,83,3.7072096101745915,100
25,83,3.7072096101745915,500
25,83,3.7072096101745915,1000
25,83,3.7072096101745915,5000
25,83,15.057697208309927,10000
25,83,30.07616012485344,50000
50,83,11.25731557705055,100
50,83,11.25731557705055,500
50,83,11.25731557705055,1000
50,83,11.25731557705055,5000
50,83,11.25731557705055,10000
50,83,18.179705607976487,50000
75,83,6.767020379777764,100
75,83,6.767020379777764,500
75,83,11.981629627595105,1000
75,83,11.981629627595105,5000
75,83,11.981629627595105,10000
75,83,21.529589162068998,50000
100,83,8.368477107871607,100
100,83,8.368477107871607,500
100,83,8.368477107871607,1000
100,83,31.81368656712358,5000
100,83,31.81368656712358,10000
100,83,31.81368656712358,50000
10,84,15.640756188515702,10000
10,84,15.640756188515702,50000
25,84,4.659850510582567,100
25,84,4.659850510582567,500
25,84,4.659850510582567,1000
25,84,4.659850510582567,5000
25,84,11.586683573647715,10000
25,84,11.586683573647715,50000
50,84,8.868224337859006,100
50,84,8.868224337859006,500
50,84,8.868224337859006,1000
50,84,8.868224337859006,5000
50,84,8.868224337859006,10000
50,84,24.96435397866053,50000
75,84,42.44533716975448,100
75,84,42.44533716975448,500
75,84,42.44533716975448,1000
75,84,42.44533716975448,5000
75,84,42.44533716975448,10000
75,84,42.44533716975448,50000
100,84,19.776013394712702,100
100,84,19.776013394712702,500
100,84,19.776013394712702,1000
100,84,19.776013394712702,5000
100,84,19.776013394712702,10000
100,84,45.417961502920456,50000
10,85,4.4910089123309715,100
10,85,4.4910089123309715,500
10,85,4.4910089123309715,1000
10,85,4.4910089123309715,5000
10,85,4.4910089123309715,10000
10,85,4.4910089123309715,50000
25,85,6.938667336377796,100
25,85,6.938667336377796,500
25,85,6.938667336377796,1000
25,85,6.938667336377796,5000
25,85,6.938667336377796,10000
25,85,19.10925802727302,50000
50,85,11.671690315867407,100
50,85,12.91131017802773,500
50,85,12.91131017802773,1000
50,85,12.91131017802773,5000
50,85,33.442426832769996,10000
50,85,33.442426832769996,50000
75,85,12.94391648663922,100
75,85,12.94391648663922,500
75,85,12.94391648663922,1000
75,85,12.94391648663922,5000
75,85,21.807273856280933,10000
75,85,21.807273856280933,50000
100,85,34.384482399104066,100
100,85,34.384482399104066,500
100,85,34.384482399104066,1000
100,85,34.384482399104066,5000
100,85,34.384482399104066,10000
100,85,34.384482399104066,50000
10,86,11.838698627578536,5000
10,86,11.838698627578536,10000
10,86,11.838698627578536,50000
25,86,6.945571008617803,100
25,86,6.945571008617803,500
25,86,6.945571008617803,1000
25,86,6.945571008617803,5000
25,86,7.713479493857139,10000
25,86,12.264454401716984,50000
50,86,8.711147855446002,100
50,86,8.711147855446002,500
50,86,8.711147855446002,1000
50,86,30.920411125336653,5000
50,86,30.920411125336653,10000
50,86,30.920411125336653,50000
75,86,9.66474000266706,100
75,86,9.66474000266706,500
75,86,9.66474000266706,1000
75,86,11.428554351967229,5000
75,86,11.428554351967229,10000
75,86,48.26123654164507,50000
100,86,11.572303348186066,100
100,86,13.694552962030546,500
100,86,13.694552962030546,1000
100,86,23.152753547255813,5000
100,86,23.152753547255813,10000
100,86,23.152753547255813,50000
10,87,11.838698627578536,50000
25,87,7.98469888652682,100
25,87,7.98469888652682,500
25,87,7.98469888652682,1000
25,87,7.98469888652682,5000
25,87,7.98469888652682,10000
25,87,7.98469888652682,50000
50,87,12.980824582242947,100
50,87,12.980824582242947,500
50,87,12.980824582242947,1000
50,87,12.980824582242947,5000
50,87,12.980824582242947,10000
50,87,31.07949214115294,50000
75,87,18.59211168187504,100
75,87,18.59211168187504,500
75,87,18.59211168187504,1000
75,87,18.59211168187504,5000
75,87,23.218367893490303,10000
75,87,23.218367893490303,50000
100,87,14.287072037579202,100
100,87,14.287072037579202,500
100,87,14.287072037579202,1000
100,87,23.355826052518076,5000
100,87,57.71586643126692,10000
100,87,57.71586643126692,50000
10,88,17.530676711651445,100
10,88,17.530676711651445,500
10,88,17.530676711651445,1000
10,88,17.530676711651445,5000
10,88,17.530676711651445,10000
10,88,17.530676711651445,50000
25,88,10.105911797323808,100
25,88,10.105911797323808,500
25,88,10.105911797323808,1000
25,88,10.105911797323808,5000
25,88,10.105911797323808,10000
25,88,10.834707430010189,50000
50,88,9.21121775370105,100
50,88,9.21121775370105,500
50,88,9.21121775370105,1000
50,88,9.21121775370105,5000
50,88,9.21121775370105,10000
50,88,51.944960966049614,50000
75,88,8.929466210977306,100
75,88,15.148206831392457,500
75,88,22.52687572279546,1000
75,88,22.52687572279546,5000
75,88,22.52687572279546,10000
75,88,22.52687572279546,50000
100,88,11.937923898203955,100
100,88,11.937923898203955,500
100,88,11.937923898203955,1000
100,88,43.0159128217921,5000
100,88,43.0159128217921,10000
100,88,43.0159128217921,50000
25,89,43.687139163481824,100
25,89,43.687139163481824,500
25,89,43.687139163481824,1000
25,89,43.687139163481824,5000
25,89,43.687139163481824,10000
25,89,43.687139163481824,50000
50,89,14.338362688571312,100
50,89,14.338362688571312,500
50,89,14.338362688571312,1000
50,89,14.338362688571312,5000
50,89,14.338362688571312,10000
50,89,31.810925625396923,50000
75,89,16.571493424797307,100
75,89,16.571493424797307,500
75,89,16.571493424797307,1000
75,89,16.571493424797307,5000
75,89,16.571493424797307,10000
75,89,19.524875057622914,50000
100,89,32.09543204466956,100
100,89,32.09543204466956,500
100,89,32.09543204466956,1000
100,89,32.09543204466956,5000
100,89,32.09543204466956,10000
100,89,97.23973231977678,50000
10,90,6.629366763516308,100
10,90,6.629366763516308,500
10,90,6.629366763516308,1000
10,90,6.629366763516308,5000
10,90,6.629366763516308,10000
10,90,11.838698627578536,50000
25,90,7.58797097820112,100
25,90,17.698390463782914,500
25,90,17.698390463782914,1000
25,90,17.698390463782914,5000
25,90,17.698390463782914,10000
25,90,31.79287954281192,50000
50,90,20.40826260052708,100
50,90,20.40826260052708,500
50,90,20.40826260052708,1000
50,90,20.40826260052708,5000
50,90,25.32015390800938,10000
50,90,25.32015390800938,50000
75,90,41.567792283211425,100
75,90,41.567792283211425,500
75,90,41.567792283211425,1000
75,90,41.567792283211425,5000
75,90,41.567792283211425,10000
75,90,41.567792283211425,50000
100,90,23.93612419437615,100
100,90,23.93612419437615,500
100,90,23.93612419437615,1000
100,90,23.93612419437615,5000
100,90,23.93612419437615,10000
100,90,23.93612419437615,50000
10,91,7.9766453045796375,100
10,91,7.9766453045796375,500
10,91,7.9766453045796375,1000
10,91,7.9766453045796375,5000
10,91,7.9766453045796375,10000
10,91,7.9766453045796375,50000
25,91,6.916602259474754,100
25,91,6.916602259474754,500
25,91,6.916602259474754,1000
25,91,6.916602259474754,5000
25,91,6.916602259474754,10000
25,91,6.916602259474754,50000
50,91,8.549340959465432,100
50,91,15.467063284642458,500
50,91,15.467063284642458,1000
50,91,15.467063284642458,5000
50,91,15.467063284642458,10000
50,91,19.902199077140786,50000
75,91,9.683185691802123,100
75,91,9.683185691802123,500
75,91,9.683185691802123,1000
75,91,13.943558538019195,5000
75,91,13.943558538019195,10000
75,91,30.374079918328743,50000
100,91,21.093141736956515,100
100,91,21.093141736956515,500
100,91,21.093141736956515,1000
100,91,21.093141736956515,5000
100,91,21.093141736956515,10000
100,91,21.093141736956515,50000
10,92,17.530676711651445,10000
10,92,17.530676711651445,50000
25,92,5.91767501260392,100
25,92,5.91767501260392,500
25,92,5.91767501260392,1000
25,92,5.91767501260392,5000
25,92,5.91767501260392,10000
25,92,16.879307689873794,50000
50,92,11.993247537290081,100
50,92,11.993247537290081,500
50,92,11.993247537290081,1000
50,92,11.993247537290081,5000
50,92,11.993247537290081,10000
50,92,22.10096654958579,50000
75,92,18.213980789894606,100
75,92,18.213980789894606,500
75,92,18.213980789894606,1000
75,92,18.213980789894606,5000
75,92,18.213980789894606,10000
75,92,25.93388247736444,50000
100,92,21.931212619641897,100
100,92,21.931212619641897,500
100,92,21.931212619641897,1000
100,92,21.931212619641897,5000
100,92,21.931212619641897,10000
100,92,27.549949137028328,50000
10,93,17.530676711651445,100
10,93,17.530676711651445,500
10,93,17.530676711651445,1000
10,93,17.530676711651445,5000
10,93,17.530676711651445,10000
10,93,17.530676711651445,50000
25,93,23.54207262445206,50000
50,93,9.56500640526975,100
50,93,9.56500640526975,500
50,93,9.56500640526975,1000
50,93,16.787010535465008,5000
50,93,16.787010535465008,10000
50,93,16.787010535465008,50000
75,93,21.35158411240364,100
75,93,33.15123349619257,500
75,93,33.15123349619257,1000
75,93,33.15123349619257,5000
75,93,33.15123349619257,10000
75,93,33.15123349619257,50000
100,93,12.606883746848862,100
100,93,12.606883746848862,500
100,93,12.606883746848862,1000
100,93,23.698886488001037,5000
100,93,23.698886488001037,10000
100,93,23.698886488001037,50000
10,94,9.79473381957996,100
10,94,9.79473381957996,500
10,94,9.79473381957996,1000
10,94,9.79473381957996,5000
10,94,9.79473381957996,10000
10,94,9.79473381957996,50000
25,94,9.176110129312988,100
25,94,9.176110129312988,500
25,94,9.176110129312988,1000
25,94,9.176110129312988,5000
25,94,9.176110129312988,10000
25,94,9.176110129312988,50000
50,94,9.009927537458958,100
50,94,9.009927537458958,500
50,94,9.009927537458958,1000
50,94,9.009927537458958,5000
50,94,9.009927537458958,10000
50,94,21.30063084209489,50000
75,94,11.226906921072112,100
75,94,11.226906921072112,500
75,94,11.226906921072112,1000
75,94,17.068873406356005,5000
75,94,17.068873406356005,10000
75,94,17.068873406356005,50000
100,94,14.84702453331607,100
100,94,14.84702453331607,500
100,94,14.84702453331607,1000
100,94,15.182029863351554,5000
100,94,15.182029863351554,10000
100,94,57.9457551880064,50000
10,95,17.530676711651445,10000
10,95,17.530676711651445,50000
25,95,5.917505154817698,100
25,95,12.335765316889479,500
25,95,12.335765316889479,1000
25,95,12.335765316889479,5000
25,95,12.335765316889479,10000
25,95,12.335765316889479,50000
50,95,17.654199951855215,100
50,95,17.654199951855215,500
50,95,17.654199951855215,1000
50,95,17.654199951855215,5000
50,95,17.654199951855215,10000
50,95,17.654199951855215,50000
75,95,10.277323090956038,100
75,95,10.277323090956038,500
75,95,10.277323090956038,1000
75,95,10.277323090956038,5000
75,95,10.277323090956038,10000
75,95,21.446853531634787,50000
100,95,13.438031751709207,100
100,95,13.438031751709207,500
100,95,13.438031751709207,1000
100,95,13.438031751709207,5000
100,95,20.67833667219397,10000
100,95,37.62040008323418,50000
10,96,7.9766453045796375,100
10,96,7.9766453045796375,500
10,96,7.9766453045796375,1000
10,96,7.9766453045796375,5000
10,96,7.9766453045796375,10000
10,96,7.9766453045796375,50000
25,96,9.420026280141112,100
25,96,9.420026280141112,500
25,96,9.420026280141112,1000
25,96,9.420026280141112,5000
25,96,10.703834913718017,10000
25,96,10.703834913718017,50000
50,96,15.46937741544926,100
50,96,15.46937741544926,500
50,96,15.46937741544926,1000
50,96,15.46937741544926,5000
50,96,15.46937741544926,10000
50,96,15.46937741544926,50000
75,96,8.192767411670015,100
75,96,8.192767411670015,500
75,96,8.192767411670015,1000
75,96,18.636669533014988,5000
75,96,18.636669533014988,10000
75,96,71.64623800898329,50000
100,96,23.858064156046762,100
100,96,23.858064156046762,500
100,96,23.858064156046762,1000
100,96,23.858064156046762,5000
100,96,23.858064156046762,10000
100,96,36.46498884746064,50000
10,97,11.838698627578536,100
10,97,11.838698627578536,500
10,97,11.838698627578536,1000
10,97,11.838698627578536,5000
10,97,11.838698627578536,10000
10,97,11.838698627578536,50000
25,97,8.309582980582725,100
25,97,9.65343177059756,500
25,97,9.65343177059756,1000
25,97,9.65343177059756,5000
25,97,9.65343177059756,10000
25,97,9.65343177059756,50000
50,97,7.313459054916167,100
50,97,8.006627389220945,500
50,97,8.006627389220945,1000
50,97,15.180219666811448,5000
50,97,15.180219666811448,10000
50,97,23.08550547214089,50000
75,97,11.147946816176823,100
75,97,11.147946816176823,500
75,97,11.147946816176823,1000
75,97,11.147946816176823,5000
75,97,11.147946816176823,10000
75,97,18.82461423776788,50000
100,97,12.02112023146652,100
100,97,12.02112023146652,500
100,97,12.02112023146652,1000
100,97,12.02112023146652,5000
100,97,15.237800926054671,10000
100,97,20.867968631370548,50000
10,98,11.761654684905578,50000
25,98,13.821406515525524,100
25,98,13.821406515525524,500
25,98,13.821406515525524,1000
25,98,13.821406515525524,5000
25,98,13.821406515525524,10000
25,98,13.821406515525524,50000
50,98,16.819529476181295,100
50,98,16.819529476181295,500
50,98,16.819529476181295,1000
50,98,25.27250233945709,5000
50,98,25.27250233945709,10000
50,98,26.656891382848954,50000
75,98,7.731536112077509,100
75,98,7.731536112077509,500
75,98,7.731536112077509,1000
75,98,7.731536112077509,5000
75,98,28.161533955452533,10000
75,98,28.161533955452533,50000
100,98,77.22578740077088,100
100,98,77.22578740077088,500
100,98,77.22578740077088,1000
100,98,77.22578740077088,5000
100,98,77.22578740077088,10000
100,98,77.22578740077088,50000
10,99,7.344874246490606,100
10,99,7.344874246490606,500
10,99,7.344874246490606,1000
10,99,7.344874246490606,5000
10,99,7.344874246490606,10000
10,99,7.344874246490606,50000
25,99,10.49026403410462,100
25,99,10.49026403410462,500
25,99,10.49026403410462,1000
25,99,10.49026403410462,5000
25,99,10.49026403410462,10000
25,99,10.49026403410462,50000
50,99,24.859933977985197,100
50,99,24.859933977985197,500
50,99,24.859933977985197,1000
50,99,24.859933977985197,5000
50,99,24.859933977985197,10000
50,99,24.859933977985197,50000
75,99,11.249129788667643,100
75,99,11.249129788667643,500
75,99,11.249129788667643,1000
75,99,11.249129788667643,5000
75,99,20.491655670319677,10000
75,99,20.491655670319677,50000
100,99,15.570344445461515,100
100,99,15.570344445461515,500
100,99,15.570344445461515,1000
100,99,17.014978821821675,5000
100,99,17.014978821821675,10000
100,99,33.076036723918165,50000
